{
  "S05_T02_Get user Blocked" : {
    "transaction" : "S05_T02_Get user Blocked",
    "sampleCount" : 1414,
    "errorCount" : 0,
    "errorPct" : 0.0,
    "meanResTime" : 97.09193776520517,
    "minResTime" : 33.0,
    "maxResTime" : 33560.0,
    "pct1ResTime" : 66.0,
    "pct2ResTime" : 75.0,
    "pct3ResTime" : 237.29999999999654,
    "throughput" : 0.32002418966435026,
    "receivedKBytesPerSec" : 0.08875670885222214,
    "sentKBytesPerSec" : 0.3522141228044168
  },
  "S07_T06b_PAMRequest_Denied" : {
    "transaction" : "S07_T06b_PAMRequest_Denied",
    "sampleCount" : 622,
    "errorCount" : 0,
    "errorPct" : 0.0,
    "meanResTime" : 921.228295819936,
    "minResTime" : 117.0,
    "maxResTime" : 38422.0,
    "pct1ResTime" : 2011.5000000000011,
    "pct2ResTime" : 2323.9000000000005,
    "pct3ResTime" : 3165.5999999999967,
    "throughput" : 0.1406270383290071,
    "receivedKBytesPerSec" : 0.06651174412401678,
    "sentKBytesPerSec" : 0.17990373067480406
  },
  "S08_T03d_Request_To_Pay-20KB" : {
    "transaction" : "S08_T03d_Request_To_Pay-20KB",
    "sampleCount" : 329,
    "errorCount" : 0,
    "errorPct" : 0.0,
    "meanResTime" : 270.1641337386018,
    "minResTime" : 86.0,
    "maxResTime" : 2330.0,
    "pct1ResTime" : 553.0,
    "pct2ResTime" : 1345.5,
    "pct3ResTime" : 1795.6,
    "throughput" : 0.07797801351840115,
    "receivedKBytesPerSec" : 0.030764763145931705,
    "sentKBytesPerSec" : 2.3819084812910836
  },
  "S10_T03a_Request_To_Pay-1KB" : {
    "transaction" : "S10_T03a_Request_To_Pay-1KB",
    "sampleCount" : 518,
    "errorCount" : 0,
    "errorPct" : 0.0,
    "meanResTime" : 274.8667953667952,
    "minResTime" : 71.0,
    "maxResTime" : 32276.0,
    "pct1ResTime" : 272.0,
    "pct2ResTime" : 1187.3499999999942,
    "pct3ResTime" : 2195.5799999999936,
    "throughput" : 0.12010920198796961,
    "receivedKBytesPerSec" : 0.047621421881948886,
    "sentKBytesPerSec" : 0.6731510841884351
  },
  "S10_T01_GetUserToken" : {
    "transaction" : "S10_T01_GetUserToken",
    "sampleCount" : 10,
    "errorCount" : 0,
    "errorPct" : 0.0,
    "meanResTime" : 883.5,
    "minResTime" : 426.0,
    "maxResTime" : 1339.0,
    "pct1ResTime" : 1331.4,
    "pct2ResTime" : 1339.0,
    "pct3ResTime" : 1339.0,
    "throughput" : 0.0037982332897675978,
    "receivedKBytesPerSec" : 0.005115003619716325,
    "sentKBytesPerSec" : 0.0014985217276036226
  },
  "S11_T03d_Request_To_Pay-20KB" : {
    "transaction" : "S11_T03d_Request_To_Pay-20KB",
    "sampleCount" : 337,
    "errorCount" : 0,
    "errorPct" : 0.0,
    "meanResTime" : 312.14540059347183,
    "minResTime" : 83.0,
    "maxResTime" : 26628.0,
    "pct1ResTime" : 429.0,
    "pct2ResTime" : 1283.9999999999995,
    "pct3ResTime" : 2016.8200000000015,
    "throughput" : 0.07693275278401826,
    "receivedKBytesPerSec" : 0.030502634404600992,
    "sentKBytesPerSec" : 2.3505059605476517
  },
  "S11_T04_NoteToBiller" : {
    "transaction" : "S11_T04_NoteToBiller",
    "sampleCount" : 1551,
    "errorCount" : 0,
    "errorPct" : 0.0,
    "meanResTime" : 2682.243713733073,
    "minResTime" : 1065.0,
    "maxResTime" : 51117.0,
    "pct1ResTime" : 4482.2,
    "pct2ResTime" : 5487.999999999996,
    "pct3ResTime" : 7825.4400000000005,
    "throughput" : 0.35080783059170945,
    "receivedKBytesPerSec" : 0.1390898234572598,
    "sentKBytesPerSec" : 0.9044264382442508
  },
  "S08_T04a_PayAll" : {
    "transaction" : "S08_T04a_PayAll",
    "sampleCount" : 794,
    "errorCount" : 0,
    "errorPct" : 0.0,
    "meanResTime" : 2704.430730478586,
    "minResTime" : 1071.0,
    "maxResTime" : 37744.0,
    "pct1ResTime" : 4597.0,
    "pct2ResTime" : 5733.25,
    "pct3ResTime" : 7796.449999999983,
    "throughput" : 0.18003351253545685,
    "receivedKBytesPerSec" : 0.07102884674250447,
    "sentKBytesPerSec" : 0.5172447205852676
  },
  "S12_T04_Get_ListOfMessages_In_A_Thread" : {
    "transaction" : "S12_T04_Get_ListOfMessages_In_A_Thread",
    "sampleCount" : 1966,
    "errorCount" : 0,
    "errorPct" : 0.0,
    "meanResTime" : 1634.515768056971,
    "minResTime" : 707.0,
    "maxResTime" : 44220.0,
    "pct1ResTime" : 2732.6,
    "pct2ResTime" : 3302.5499999999993,
    "pct3ResTime" : 4633.66,
    "throughput" : 0.44445569775927407,
    "receivedKBytesPerSec" : 0.2588509185436593,
    "sentKBytesPerSec" : 0.5367708424232738
  },
  "S10_T03c_Request_To_Pay-10KB" : {
    "transaction" : "S10_T03c_Request_To_Pay-10KB",
    "sampleCount" : 498,
    "errorCount" : 0,
    "errorPct" : 0.0,
    "meanResTime" : 359.6345381526108,
    "minResTime" : 79.0,
    "maxResTime" : 40789.0,
    "pct1ResTime" : 448.2000000000003,
    "pct2ResTime" : 1247.2499999999989,
    "pct3ResTime" : 3110.4199999999996,
    "throughput" : 0.11271336606245815,
    "receivedKBytesPerSec" : 0.044689088497419927,
    "sentKBytesPerSec" : 1.9797486347650117
  },
  "S11_T03b_Request_To_Pay-5KB" : {
    "transaction" : "S11_T03b_Request_To_Pay-5KB",
    "sampleCount" : 322,
    "errorCount" : 0,
    "errorPct" : 0.0,
    "meanResTime" : 242.60559006211184,
    "minResTime" : 73.0,
    "maxResTime" : 3246.0,
    "pct1ResTime" : 422.2999999999998,
    "pct2ResTime" : 1256.099999999999,
    "pct3ResTime" : 2173.1399999999985,
    "throughput" : 0.07332822464853121,
    "receivedKBytesPerSec" : 0.029073495319632492,
    "sentKBytesPerSec" : 0.8227942394644762
  },
  "S07_T05_MoreInfoProvided" : {
    "transaction" : "S07_T05_MoreInfoProvided",
    "sampleCount" : 1252,
    "errorCount" : 0,
    "errorPct" : 0.0,
    "meanResTime" : 926.4057507987217,
    "minResTime" : 58.0,
    "maxResTime" : 35410.0,
    "pct1ResTime" : 1929.4,
    "pct2ResTime" : 2143.4499999999994,
    "pct3ResTime" : 3058.680000000001,
    "throughput" : 0.28303494848628297,
    "receivedKBytesPerSec" : 0.1632951163387802,
    "sentKBytesPerSec" : 0.3957766613495884
  },
  "S03_T01_Update KYC Verification details" : {
    "transaction" : "S03_T01_Update KYC Verification details",
    "sampleCount" : 1185,
    "errorCount" : 0,
    "errorPct" : 0.0,
    "meanResTime" : 712.2531645569627,
    "minResTime" : 228.0,
    "maxResTime" : 34957.0,
    "pct1ResTime" : 982.4000000000001,
    "pct2ResTime" : 1115.7,
    "pct3ResTime" : 1549.5600000000004,
    "throughput" : 0.2678970488596742,
    "receivedKBytesPerSec" : 0.3198981391413187,
    "sentKBytesPerSec" : 0.649180093028098
  },
  "S08_T05b_PayPartial_Acknowledge" : {
    "transaction" : "S08_T05b_PayPartial_Acknowledge",
    "sampleCount" : 757,
    "errorCount" : 1,
    "errorPct" : 0.1321004,
    "meanResTime" : 3127.282694848086,
    "minResTime" : 1352.0,
    "maxResTime" : 41971.0,
    "pct1ResTime" : 5099.8,
    "pct2ResTime" : 6203.700000000002,
    "pct3ResTime" : 9203.579999999978,
    "throughput" : 0.17177506497726533,
    "receivedKBytesPerSec" : 0.0677524601332085,
    "sentKBytesPerSec" : 0.4544322763900505
  },
  "S09_T01_GetUserToken" : {
    "transaction" : "S09_T01_GetUserToken",
    "sampleCount" : 10,
    "errorCount" : 0,
    "errorPct" : 0.0,
    "meanResTime" : 783.9,
    "minResTime" : 456.0,
    "maxResTime" : 1232.0,
    "pct1ResTime" : 1206.5,
    "pct2ResTime" : 1232.0,
    "pct3ResTime" : 1232.0,
    "throughput" : 0.0037917423435242727,
    "receivedKBytesPerSec" : 0.005106262394257786,
    "sentKBytesPerSec" : 0.0014959608464685608
  },
  "S08_T05a_PayPartial" : {
    "transaction" : "S08_T05a_PayPartial",
    "sampleCount" : 757,
    "errorCount" : 0,
    "errorPct" : 0.0,
    "meanResTime" : 2601.570673712024,
    "minResTime" : 1095.0,
    "maxResTime" : 22995.0,
    "pct1ResTime" : 4352.2,
    "pct2ResTime" : 5174.500000000002,
    "pct3ResTime" : 7428.7199999999975,
    "throughput" : 0.172057733210961,
    "receivedKBytesPerSec" : 0.06788215255588695,
    "sentKBytesPerSec" : 0.47299074120005385
  },
  "S06_T02_BlockUser" : {
    "transaction" : "S06_T02_BlockUser",
    "sampleCount" : 458,
    "errorCount" : 0,
    "errorPct" : 0.0,
    "meanResTime" : 1034.9606986899564,
    "minResTime" : 272.0,
    "maxResTime" : 36984.0,
    "pct1ResTime" : 1331.9,
    "pct2ResTime" : 1497.1,
    "pct3ResTime" : 2698.3799999999483,
    "throughput" : 0.10353443503315927,
    "receivedKBytesPerSec" : 0.02790576569253121,
    "sentKBytesPerSec" : 0.129316935944737
  },
  "S06_T03_UnBlockUser" : {
    "transaction" : "S06_T03_UnBlockUser",
    "sampleCount" : 458,
    "errorCount" : 0,
    "errorPct" : 0.0,
    "meanResTime" : 931.786026200874,
    "minResTime" : 272.0,
    "maxResTime" : 4196.0,
    "pct1ResTime" : 1277.2000000000003,
    "pct2ResTime" : 1470.05,
    "pct3ResTime" : 1980.219999999989,
    "throughput" : 0.1035225701806175,
    "receivedKBytesPerSec" : 0.02790256774399456,
    "sentKBytesPerSec" : 0.12940321272577188
  },
  "S07_T01_GetUserToken" : {
    "transaction" : "S07_T01_GetUserToken",
    "sampleCount" : 1252,
    "errorCount" : 0,
    "errorPct" : 0.0,
    "meanResTime" : 641.8178913738024,
    "minResTime" : 241.0,
    "maxResTime" : 3926.0,
    "pct1ResTime" : 866.1000000000001,
    "pct2ResTime" : 932.0,
    "pct3ResTime" : 1110.6400000000003,
    "throughput" : 0.283004431098932,
    "receivedKBytesPerSec" : 0.381116318833425,
    "sentKBytesPerSec" : 0.12526958319460013
  },
  "S12_T02_Get user details" : {
    "transaction" : "S12_T02_Get user details",
    "sampleCount" : 1966,
    "errorCount" : 0,
    "errorPct" : 0.0,
    "meanResTime" : 350.89674465920615,
    "minResTime" : 30.0,
    "maxResTime" : 36364.0,
    "pct1ResTime" : 756.3,
    "pct2ResTime" : 909.5999999999995,
    "pct3ResTime" : 1303.2999999999993,
    "throughput" : 0.44465895834002434,
    "receivedKBytesPerSec" : 0.5309149119582047,
    "sentKBytesPerSec" : 0.5180450559566885
  },
  "S07_T02_GetUserToken" : {
    "transaction" : "S07_T02_GetUserToken",
    "sampleCount" : 1252,
    "errorCount" : 0,
    "errorPct" : 0.0,
    "meanResTime" : 638.3458466453664,
    "minResTime" : 244.0,
    "maxResTime" : 3885.0,
    "pct1ResTime" : 855.1000000000001,
    "pct2ResTime" : 918.0,
    "pct3ResTime" : 1126.7600000000002,
    "throughput" : 0.28305248136646527,
    "receivedKBytesPerSec" : 0.38118102715269103,
    "sentKBytesPerSec" : 0.1258436891278909
  },
  "S08_T03a_Request_To_Pay-1KB" : {
    "transaction" : "S08_T03a_Request_To_Pay-1KB",
    "sampleCount" : 312,
    "errorCount" : 0,
    "errorPct" : 0.0,
    "meanResTime" : 224.56089743589737,
    "minResTime" : 70.0,
    "maxResTime" : 3165.0,
    "pct1ResTime" : 251.09999999999974,
    "pct2ResTime" : 1232.7999999999997,
    "pct3ResTime" : 2499.650000000002,
    "throughput" : 0.07128407755890419,
    "receivedKBytesPerSec" : 0.028123796224411413,
    "sentKBytesPerSec" : 0.39888453555910247
  },
  "S09_T03c_Request_To_Pay-10KB" : {
    "transaction" : "S09_T03c_Request_To_Pay-10KB",
    "sampleCount" : 314,
    "errorCount" : 0,
    "errorPct" : 0.0,
    "meanResTime" : 228.43949044585983,
    "minResTime" : 82.0,
    "maxResTime" : 2500.0,
    "pct1ResTime" : 286.5,
    "pct2ResTime" : 1261.75,
    "pct3ResTime" : 1881.9000000000017,
    "throughput" : 0.07106500184452155,
    "receivedKBytesPerSec" : 0.028176162840698973,
    "sentKBytesPerSec" : 1.2482178937261372
  },
  "S08_T03b_Request_To_Pay-5KB" : {
    "transaction" : "S08_T03b_Request_To_Pay-5KB",
    "sampleCount" : 311,
    "errorCount" : 0,
    "errorPct" : 0.0,
    "meanResTime" : 286.35048231511286,
    "minResTime" : 72.0,
    "maxResTime" : 26758.0,
    "pct1ResTime" : 202.40000000000003,
    "pct2ResTime" : 1203.3999999999999,
    "pct3ResTime" : 2316.76,
    "throughput" : 0.07112936739461817,
    "receivedKBytesPerSec" : 0.028062758229907957,
    "sentKBytesPerSec" : 0.7977742036398339
  },
  "S12_T03_Get Threads_List" : {
    "transaction" : "S12_T03_Get Threads_List",
    "sampleCount" : 1966,
    "errorCount" : 0,
    "errorPct" : 0.0,
    "meanResTime" : 2871.4404883011184,
    "minResTime" : 1129.0,
    "maxResTime" : 42309.0,
    "pct1ResTime" : 4806.799999999999,
    "pct2ResTime" : 5819.299999999999,
    "pct3ResTime" : 8042.359999999993,
    "throughput" : 0.4444879537208005,
    "receivedKBytesPerSec" : 0.2922105400788638,
    "sentKBytesPerSec" : 0.4900653317878748
  },
  "S08_T04b_AcknowledgeInFull" : {
    "transaction" : "S08_T04b_AcknowledgeInFull",
    "sampleCount" : 794,
    "errorCount" : 0,
    "errorPct" : 0.0,
    "meanResTime" : 3083.788413098237,
    "minResTime" : 1341.0,
    "maxResTime" : 18246.0,
    "pct1ResTime" : 5016.0,
    "pct2ResTime" : 6280.5,
    "pct3ResTime" : 8641.949999999997,
    "throughput" : 0.1798891619951747,
    "receivedKBytesPerSec" : 0.07097189594340877,
    "sentKBytesPerSec" : 0.46114165062239615
  },
  "S09_T03d_Request_To_Pay-20KB" : {
    "transaction" : "S09_T03d_Request_To_Pay-20KB",
    "sampleCount" : 325,
    "errorCount" : 0,
    "errorPct" : 0.0,
    "meanResTime" : 226.05846153846161,
    "minResTime" : 83.0,
    "maxResTime" : 3139.0,
    "pct1ResTime" : 273.4000000000007,
    "pct2ResTime" : 1078.3999999999987,
    "pct3ResTime" : 2069.1600000000008,
    "throughput" : 0.07375503207890018,
    "receivedKBytesPerSec" : 0.029242717796907687,
    "sentKBytesPerSec" : 2.253129798332183
  },
  "S10_T03d_Request_To_Pay-20KB" : {
    "transaction" : "S10_T03d_Request_To_Pay-20KB",
    "sampleCount" : 510,
    "errorCount" : 0,
    "errorPct" : 0.0,
    "meanResTime" : 316.3607843137254,
    "minResTime" : 84.0,
    "maxResTime" : 37833.0,
    "pct1ResTime" : 426.7000000000001,
    "pct2ResTime" : 1259.1999999999996,
    "pct3ResTime" : 2184.89,
    "throughput" : 0.11619543342833259,
    "receivedKBytesPerSec" : 0.04606967380068656,
    "sentKBytesPerSec" : 3.5496343247120117
  },
  "S11_T03c_Request_To_Pay-10KB" : {
    "transaction" : "S11_T03c_Request_To_Pay-10KB",
    "sampleCount" : 318,
    "errorCount" : 0,
    "errorPct" : 0.0,
    "meanResTime" : 214.41194968553447,
    "minResTime" : 81.0,
    "maxResTime" : 2329.0,
    "pct1ResTime" : 288.50000000000034,
    "pct2ResTime" : 1055.6000000000004,
    "pct3ResTime" : 1905.77,
    "throughput" : 0.07439200328073413,
    "receivedKBytesPerSec" : 0.02949526692575982,
    "sentKBytesPerSec" : 1.3069454482621161
  },
  "S02_T01_Register new End User" : {
    "transaction" : "S02_T01_Register new End User",
    "sampleCount" : 5381,
    "errorCount" : 0,
    "errorPct" : 0.0,
    "meanResTime" : 757.8018955584477,
    "minResTime" : 161.0,
    "maxResTime" : 39673.0,
    "pct1ResTime" : 924.0,
    "pct2ResTime" : 983.0,
    "pct3ResTime" : 1156.1800000000003,
    "throughput" : 1.2163211720806257,
    "receivedKBytesPerSec" : 0.8877515214045175,
    "sentKBytesPerSec" : 6.607562943377435
  },
  "S10_T03b_Request_To_Pay-5KB" : {
    "transaction" : "S10_T03b_Request_To_Pay-5KB",
    "sampleCount" : 517,
    "errorCount" : 0,
    "errorPct" : 0.0,
    "meanResTime" : 250.7350096711798,
    "minResTime" : 71.0,
    "maxResTime" : 3244.0,
    "pct1ResTime" : 483.3999999999995,
    "pct2ResTime" : 1373.2999999999981,
    "pct3ResTime" : 2017.9200000000028,
    "throughput" : 0.11806062698642143,
    "receivedKBytesPerSec" : 0.046809193902819436,
    "sentKBytesPerSec" : 1.3242620718418325
  },
  "S12_T05_Get_Msg_Identified_By_ThreadID_And_MsgID" : {
    "transaction" : "S12_T05_Get_Msg_Identified_By_ThreadID_And_MsgID",
    "sampleCount" : 1966,
    "errorCount" : 0,
    "errorPct" : 0.0,
    "meanResTime" : 111.63936927772119,
    "minResTime" : 39.0,
    "maxResTime" : 15666.0,
    "pct1ResTime" : 87.0,
    "pct2ResTime" : 101.0,
    "pct3ResTime" : 1769.4199999999946,
    "throughput" : 0.44452966229312185,
    "receivedKBytesPerSec" : 0.7722446036054837,
    "sentKBytesPerSec" : 0.5490152776264106
  },
  "S08_T03c_Request_To_Pay-10KB" : {
    "transaction" : "S08_T03c_Request_To_Pay-10KB",
    "sampleCount" : 291,
    "errorCount" : 0,
    "errorPct" : 0.0,
    "meanResTime" : 333.57388316151196,
    "minResTime" : 80.0,
    "maxResTime" : 35762.0,
    "pct1ResTime" : 276.2000000000001,
    "pct2ResTime" : 1171.0,
    "pct3ResTime" : 1975.99999999998,
    "throughput" : 0.06668732216714089,
    "receivedKBytesPerSec" : 0.026310232573754803,
    "sentKBytesPerSec" : 1.1711309712223579
  },
  "S10_T02_GetUserToken" : {
    "transaction" : "S10_T02_GetUserToken",
    "sampleCount" : 10,
    "errorCount" : 0,
    "errorPct" : 0.0,
    "meanResTime" : 718.3000000000001,
    "minResTime" : 301.0,
    "maxResTime" : 1310.0,
    "pct1ResTime" : 1281.2,
    "pct2ResTime" : 1310.0,
    "pct3ResTime" : 1310.0,
    "throughput" : 0.003799178465648588,
    "receivedKBytesPerSec" : 0.0051162764688763695,
    "sentKBytesPerSec" : 0.0014951844938050594
  },
  "S06_T01_GetUserToken" : {
    "transaction" : "S06_T01_GetUserToken",
    "sampleCount" : 458,
    "errorCount" : 0,
    "errorPct" : 0.0,
    "meanResTime" : 676.3275109170299,
    "minResTime" : 247.0,
    "maxResTime" : 3578.0,
    "pct1ResTime" : 918.1,
    "pct2ResTime" : 999.1999999999998,
    "pct3ResTime" : 1271.2199999999987,
    "throughput" : 0.10353073721344534,
    "receivedKBytesPerSec" : 0.1394227408372472,
    "sentKBytesPerSec" : 0.04104831963736212
  },
  "S09_T05a_RequestForExtension_Granted" : {
    "transaction" : "S09_T05a_RequestForExtension_Granted",
    "sampleCount" : 773,
    "errorCount" : 0,
    "errorPct" : 0.0,
    "meanResTime" : 3111.598965071152,
    "minResTime" : 1360.0,
    "maxResTime" : 41802.0,
    "pct1ResTime" : 5137.200000000001,
    "pct2ResTime" : 6147.699999999999,
    "pct3ResTime" : 8362.82,
    "throughput" : 0.17576035110233346,
    "receivedKBytesPerSec" : 0.06968623295658924,
    "sentKBytesPerSec" : 0.4536470780893236
  },
  "S07_T04_MoreInfoRequested" : {
    "transaction" : "S07_T04_MoreInfoRequested",
    "sampleCount" : 1252,
    "errorCount" : 0,
    "errorPct" : 0.0,
    "meanResTime" : 1197.4105431309915,
    "minResTime" : 75.0,
    "maxResTime" : 18575.0,
    "pct1ResTime" : 2020.2000000000003,
    "pct2ResTime" : 2262.0,
    "pct3ResTime" : 2860.3400000000006,
    "throughput" : 0.283019784936611,
    "receivedKBytesPerSec" : 0.13374303421227704,
    "sentKBytesPerSec" : 0.381938119049266
  },
  "S11_T03a_Request_To_Pay-1KB" : {
    "transaction" : "S11_T03a_Request_To_Pay-1KB",
    "sampleCount" : 281,
    "errorCount" : 0,
    "errorPct" : 0.0,
    "meanResTime" : 208.7081850533809,
    "minResTime" : 72.0,
    "maxResTime" : 3065.0,
    "pct1ResTime" : 298.80000000000007,
    "pct2ResTime" : 986.1999999999996,
    "pct3ResTime" : 1927.0600000000004,
    "throughput" : 0.0636538967737668,
    "receivedKBytesPerSec" : 0.025237775478661448,
    "sentKBytesPerSec" : 0.35662344315537126
  },
  "S11_T03e_Request_To_Pay-40KB" : {
    "transaction" : "S11_T03e_Request_To_Pay-40KB",
    "sampleCount" : 293,
    "errorCount" : 0,
    "errorPct" : 0.0,
    "meanResTime" : 266.70307167235484,
    "minResTime" : 99.0,
    "maxResTime" : 2244.0,
    "pct1ResTime" : 508.4000000000001,
    "pct2ResTime" : 1202.4000000000003,
    "pct3ResTime" : 1816.8000000000002,
    "throughput" : 0.06652840263261744,
    "receivedKBytesPerSec" : 0.026377472137541682,
    "sentKBytesPerSec" : 3.760024193320412
  },
  "BSF Sampler" : {
    "transaction" : "BSF Sampler",
    "sampleCount" : 23498,
    "errorCount" : 0,
    "errorPct" : 0.0,
    "meanResTime" : 2.6315431100519193,
    "minResTime" : 1.0,
    "maxResTime" : 758.0,
    "pct1ResTime" : 3.0,
    "pct2ResTime" : 4.0,
    "pct3ResTime" : 8.0,
    "throughput" : 5.286655615491084,
    "receivedKBytesPerSec" : 0.08811080974609295,
    "sentKBytesPerSec" : 0.0
  },
  "S05_T01_GetUserToken" : {
    "transaction" : "S05_T01_GetUserToken",
    "sampleCount" : 2,
    "errorCount" : 0,
    "errorPct" : 0.0,
    "meanResTime" : 857.0,
    "minResTime" : 555.0,
    "maxResTime" : 1159.0,
    "pct1ResTime" : 1159.0,
    "pct2ResTime" : 1159.0,
    "pct3ResTime" : 1159.0,
    "throughput" : 7.611667925763404E-4,
    "receivedKBytesPerSec" : 0.0010250478583620833,
    "sentKBytesPerSec" : 3.010474130795096E-4
  },
  "S09_T02_GetUserToken" : {
    "transaction" : "S09_T02_GetUserToken",
    "sampleCount" : 10,
    "errorCount" : 0,
    "errorPct" : 0.0,
    "meanResTime" : 824.8000000000001,
    "minResTime" : 256.0,
    "maxResTime" : 1531.0,
    "pct1ResTime" : 1504.2,
    "pct2ResTime" : 1531.0,
    "pct3ResTime" : 1531.0,
    "throughput" : 0.0037924426478379474,
    "receivedKBytesPerSec" : 0.00510720547985208,
    "sentKBytesPerSec" : 0.001492533581131536
  },
  "S07_T03_SendPAMRequest" : {
    "transaction" : "S07_T03_SendPAMRequest",
    "sampleCount" : 1252,
    "errorCount" : 0,
    "errorPct" : 0.0,
    "meanResTime" : 2132.3075079872183,
    "minResTime" : 129.0,
    "maxResTime" : 37022.0,
    "pct1ResTime" : 2779.8,
    "pct2ResTime" : 3007.35,
    "pct3ResTime" : 3485.8100000000004,
    "throughput" : 0.28298025218241735,
    "receivedKBytesPerSec" : 0.15375935493272777,
    "sentKBytesPerSec" : 0.5051441005454602
  },
  "Condition" : {
    "transaction" : "Condition",
    "sampleCount" : 12287,
    "errorCount" : 0,
    "errorPct" : 0.0,
    "meanResTime" : 2.071783185480595,
    "minResTime" : 1.0,
    "maxResTime" : 80.0,
    "pct1ResTime" : 2.0,
    "pct2ResTime" : 3.0,
    "pct3ResTime" : 5.0,
    "throughput" : 2.769538012117715,
    "receivedKBytesPerSec" : 0.019401906889020125,
    "sentKBytesPerSec" : 0.0
  },
  "S09_T05b_RequestForExtension_Declined" : {
    "transaction" : "S09_T05b_RequestForExtension_Declined",
    "sampleCount" : 779,
    "errorCount" : 0,
    "errorPct" : 0.0,
    "meanResTime" : 3095.634146341463,
    "minResTime" : 1233.0,
    "maxResTime" : 19516.0,
    "pct1ResTime" : 5193.0,
    "pct2ResTime" : 6208.0,
    "pct3ResTime" : 8831.800000000005,
    "throughput" : 0.17623198372964793,
    "receivedKBytesPerSec" : 0.06987322792405962,
    "sentKBytesPerSec" : 0.4586506217182731
  },
  "S08_T03e_Request_To_Pay-40KB" : {
    "transaction" : "S08_T03e_Request_To_Pay-40KB",
    "sampleCount" : 308,
    "errorCount" : 0,
    "errorPct" : 0.0,
    "meanResTime" : 263.62662337662334,
    "minResTime" : 97.0,
    "maxResTime" : 3210.0,
    "pct1ResTime" : 445.1,
    "pct2ResTime" : 1401.4000000000003,
    "pct3ResTime" : 1949.0500000000013,
    "throughput" : 0.07040242988958019,
    "receivedKBytesPerSec" : 0.027775958667373434,
    "sentKBytesPerSec" : 3.97849356486361
  },
  "S08_T02_GetUserToken" : {
    "transaction" : "S08_T02_GetUserToken",
    "sampleCount" : 10,
    "errorCount" : 0,
    "errorPct" : 0.0,
    "meanResTime" : 767.0999999999999,
    "minResTime" : 326.0,
    "maxResTime" : 1390.0,
    "pct1ResTime" : 1347.5000000000002,
    "pct2ResTime" : 1390.0,
    "pct3ResTime" : 1390.0,
    "throughput" : 0.0037827233944041417,
    "receivedKBytesPerSec" : 0.005094116758675109,
    "sentKBytesPerSec" : 0.0014850144575688133
  },
  "S10_T04_Decline" : {
    "transaction" : "S10_T04_Decline",
    "sampleCount" : 2543,
    "errorCount" : 0,
    "errorPct" : 0.0,
    "meanResTime" : 2646.513959889896,
    "minResTime" : 1089.0,
    "maxResTime" : 46931.0,
    "pct1ResTime" : 4519.799999999999,
    "pct2ResTime" : 5484.799999999996,
    "pct3ResTime" : 7479.639999999999,
    "throughput" : 0.5747931829483296,
    "receivedKBytesPerSec" : 0.22789651589552914,
    "sentKBytesPerSec" : 1.3561526660187153
  },
  "S08_T03f_Request_To_Pay-200KB" : {
    "transaction" : "S08_T03f_Request_To_Pay-200KB",
    "sampleCount" : 10,
    "errorCount" : 0,
    "errorPct" : 0.0,
    "meanResTime" : 653.4,
    "minResTime" : 179.0,
    "maxResTime" : 1882.0,
    "pct1ResTime" : 1817.7000000000003,
    "pct2ResTime" : 1882.0,
    "pct3ResTime" : 1882.0,
    "throughput" : 0.003782988129361549,
    "receivedKBytesPerSec" : 0.0014925070354121735,
    "sentKBytesPerSec" : 0.9995807266968877
  },
  "S09_T03b_Request_To_Pay-5KB" : {
    "transaction" : "S09_T03b_Request_To_Pay-5KB",
    "sampleCount" : 316,
    "errorCount" : 0,
    "errorPct" : 0.0,
    "meanResTime" : 269.28164556962014,
    "minResTime" : 70.0,
    "maxResTime" : 21843.0,
    "pct1ResTime" : 291.90000000000003,
    "pct2ResTime" : 835.0499999999998,
    "pct3ResTime" : 2423.3299999999977,
    "throughput" : 0.0726621861384463,
    "receivedKBytesPerSec" : 0.028809421457235546,
    "sentKBytesPerSec" : 0.8150369824083928
  },
  "S09_T03e_Request_To_Pay-40KB" : {
    "transaction" : "S09_T03e_Request_To_Pay-40KB",
    "sampleCount" : 279,
    "errorCount" : 0,
    "errorPct" : 0.0,
    "meanResTime" : 315.99283154121866,
    "minResTime" : 95.0,
    "maxResTime" : 5116.0,
    "pct1ResTime" : 468.0,
    "pct2ResTime" : 1532.0,
    "pct3ResTime" : 3126.9999999999995,
    "throughput" : 0.06494759613582754,
    "receivedKBytesPerSec" : 0.025750707061666,
    "sentKBytesPerSec" : 3.6704271370901758
  },
  "S12_T06_GetAllMessagesInAThread" : {
    "transaction" : "S12_T06_GetAllMessagesInAThread",
    "sampleCount" : 1966,
    "errorCount" : 0,
    "errorPct" : 0.0,
    "meanResTime" : 3675.5111902339804,
    "minResTime" : 1787.0,
    "maxResTime" : 37470.0,
    "pct1ResTime" : 5749.3,
    "pct2ResTime" : 6780.149999999999,
    "pct3ResTime" : 8631.289999999999,
    "throughput" : 0.44435996230851105,
    "receivedKBytesPerSec" : 0.8413810419732565,
    "sentKBytesPerSec" : 0.5344854959755588
  },
  "S09_T03a_Request_To_Pay-1KB" : {
    "transaction" : "S09_T03a_Request_To_Pay-1KB",
    "sampleCount" : 318,
    "errorCount" : 0,
    "errorPct" : 0.0,
    "meanResTime" : 332.78616352201277,
    "minResTime" : 74.0,
    "maxResTime" : 37606.0,
    "pct1ResTime" : 219.30000000000007,
    "pct2ResTime" : 1239.400000000001,
    "pct3ResTime" : 2397.2000000000003,
    "throughput" : 0.07275820640496439,
    "receivedKBytesPerSec" : 0.02884749199259331,
    "sentKBytesPerSec" : 0.4073464817574814
  },
  "S10_T03e_Request_To_Pay-40KB" : {
    "transaction" : "S10_T03e_Request_To_Pay-40KB",
    "sampleCount" : 500,
    "errorCount" : 0,
    "errorPct" : 0.0,
    "meanResTime" : 327.5440000000001,
    "minResTime" : 101.0,
    "maxResTime" : 3851.0,
    "pct1ResTime" : 868.3000000000027,
    "pct2ResTime" : 1582.7999999999997,
    "pct3ResTime" : 2211.6500000000005,
    "throughput" : 0.11334699391303973,
    "receivedKBytesPerSec" : 0.04494031203974036,
    "sentKBytesPerSec" : 6.40565482201915
  },
  "S11_T05_NoteToPayer" : {
    "transaction" : "S11_T05_NoteToPayer",
    "sampleCount" : 1551,
    "errorCount" : 0,
    "errorPct" : 0.0,
    "meanResTime" : 3124.0651192778896,
    "minResTime" : 1367.0,
    "maxResTime" : 45859.0,
    "pct1ResTime" : 5164.0,
    "pct2ResTime" : 6110.199999999995,
    "pct3ResTime" : 9576.08,
    "throughput" : 0.3507858530394995,
    "receivedKBytesPerSec" : 0.1390811097012078,
    "sentKBytesPerSec" : 0.9043697773674596
  },
  "S07_T06a_PAMRequest_Accept" : {
    "transaction" : "S07_T06a_PAMRequest_Accept",
    "sampleCount" : 630,
    "errorCount" : 0,
    "errorPct" : 0.0,
    "meanResTime" : 865.8809523809523,
    "minResTime" : 99.0,
    "maxResTime" : 4287.0,
    "pct1ResTime" : 2056.9,
    "pct2ResTime" : 2276.0499999999993,
    "pct3ResTime" : 3064.6299999999983,
    "throughput" : 0.1444476391065157,
    "receivedKBytesPerSec" : 0.0682378062977795,
    "sentKBytesPerSec" : 0.18507353760522322
  },
  "S12_T01_Get user Token" : {
    "transaction" : "S12_T01_Get user Token",
    "sampleCount" : 1966,
    "errorCount" : 0,
    "errorPct" : 0.0,
    "meanResTime" : 582.1968463886067,
    "minResTime" : 228.0,
    "maxResTime" : 3985.0,
    "pct1ResTime" : 783.0,
    "pct2ResTime" : 845.6499999999999,
    "pct3ResTime" : 1122.9399999999987,
    "throughput" : 0.44454031682202966,
    "receivedKBytesPerSec" : 0.5986534149390419,
    "sentKBytesPerSec" : 0.1727127492003475
  },
  "S08_T01_GetUserToken" : {
    "transaction" : "S08_T01_GetUserToken",
    "sampleCount" : 10,
    "errorCount" : 0,
    "errorPct" : 0.0,
    "meanResTime" : 679.2,
    "minResTime" : 410.0,
    "maxResTime" : 1228.0,
    "pct1ResTime" : 1200.3000000000002,
    "pct2ResTime" : 1228.0,
    "pct3ResTime" : 1228.0,
    "throughput" : 0.0037818521772312076,
    "receivedKBytesPerSec" : 0.005092943508204917,
    "sentKBytesPerSec" : 0.0014883656517814226
  },
  "S01_T01_CheckPIDavailability" : {
    "transaction" : "S01_T01_CheckPIDavailability",
    "sampleCount" : 1316,
    "errorCount" : 0,
    "errorPct" : 0.0,
    "meanResTime" : 340.72188449848005,
    "minResTime" : 55.0,
    "maxResTime" : 12486.0,
    "pct1ResTime" : 431.29999999999995,
    "pct2ResTime" : 468.14999999999986,
    "pct3ResTime" : 541.1499999999996,
    "throughput" : 0.29745894117274774,
    "receivedKBytesPerSec" : 0.08080158834541853,
    "sentKBytesPerSec" : 0.07586330514235534
  },
  "S09_T04_RequestForExtension" : {
    "transaction" : "S09_T04_RequestForExtension",
    "sampleCount" : 1552,
    "errorCount" : 0,
    "errorPct" : 0.0,
    "meanResTime" : 2675.1578608247387,
    "minResTime" : 1100.0,
    "maxResTime" : 41656.0,
    "pct1ResTime" : 4506.3,
    "pct2ResTime" : 5346.149999999992,
    "pct3ResTime" : 7892.560000000001,
    "throughput" : 0.3511248665182531,
    "receivedKBytesPerSec" : 0.139215523248448,
    "sentKBytesPerSec" : 0.9319896359341913
  },
  "Total" : {
    "transaction" : "Total",
    "sampleCount" : 90148,
    "errorCount" : 1,
    "errorPct" : 0.0011092869,
    "meanResTime" : 795.6226760438439,
    "minResTime" : 1.0,
    "maxResTime" : 51117.0,
    "pct1ResTime" : 2553.0,
    "pct2ResTime" : 3585.0,
    "pct3ResTime" : 6194.970000000005,
    "throughput" : 20.28178697869139,
    "receivedKBytesPerSec" : 8.842776803459838,
    "sentKBytesPerSec" : 59.95181636403049
  },
  "S11_T01_GetUserToken" : {
    "transaction" : "S11_T01_GetUserToken",
    "sampleCount" : 10,
    "errorCount" : 0,
    "errorPct" : 0.0,
    "meanResTime" : 775.0,
    "minResTime" : 376.0,
    "maxResTime" : 1104.0,
    "pct1ResTime" : 1103.2,
    "pct2ResTime" : 1104.0,
    "pct3ResTime" : 1104.0,
    "throughput" : 0.0037999436088368447,
    "receivedKBytesPerSec" : 0.005117306871666024,
    "sentKBytesPerSec" : 0.0014991965019239115
  },
  "S11_T02_GetUserToken" : {
    "transaction" : "S11_T02_GetUserToken",
    "sampleCount" : 10,
    "errorCount" : 0,
    "errorPct" : 0.0,
    "meanResTime" : 749.9,
    "minResTime" : 315.0,
    "maxResTime" : 1122.0,
    "pct1ResTime" : 1115.4,
    "pct2ResTime" : 1122.0,
    "pct3ResTime" : 1122.0,
    "throughput" : 0.0038006122786380884,
    "receivedKBytesPerSec" : 0.005118207355705003,
    "sentKBytesPerSec" : 0.0014957487776280757
  },
  "S04_T01_UpdatePIDStatus" : {
    "transaction" : "S04_T01_UpdatePIDStatus",
    "sampleCount" : 3279,
    "errorCount" : 0,
    "errorPct" : 0.0,
    "meanResTime" : 754.9231473010065,
    "minResTime" : 241.0,
    "maxResTime" : 33209.0,
    "pct1ResTime" : 1041.0,
    "pct2ResTime" : 1197.0,
    "pct3ResTime" : 1669.7999999999993,
    "throughput" : 0.7410569746026962,
    "receivedKBytesPerSec" : 0.2582788687626292,
    "sentKBytesPerSec" : 0.30748968348233946
  },
  "S12_T07_DownloadAttachment" : {
    "transaction" : "S12_T07_DownloadAttachment",
    "sampleCount" : 1966,
    "errorCount" : 0,
    "errorPct" : 0.0,
    "meanResTime" : 270.8575788402846,
    "minResTime" : 34.0,
    "maxResTime" : 28912.0,
    "pct1ResTime" : 690.3,
    "pct2ResTime" : 839.2999999999997,
    "pct3ResTime" : 1262.33,
    "throughput" : 0.4445391106233089,
    "receivedKBytesPerSec" : 0.5747751781887315,
    "sentKBytesPerSec" : 0.5759424007271358
  }
}