NFT_New_Payer_350#vocalink.com,NFT_New_Biller_350#vocalink.com
NFT_New_Payer_349#vocalink.com,NFT_New_Biller_349#vocalink.com
NFT_New_Payer_348#vocalink.com,NFT_New_Biller_348#vocalink.com
NFT_New_Payer_347#vocalink.com,NFT_New_Biller_347#vocalink.com
NFT_New_Payer_346#vocalink.com,NFT_New_Biller_346#vocalink.com
NFT_New_Payer_345#vocalink.com,NFT_New_Biller_345#vocalink.com
NFT_New_Payer_344#vocalink.com,NFT_New_Biller_344#vocalink.com
NFT_New_Payer_343#vocalink.com,NFT_New_Biller_343#vocalink.com
NFT_New_Payer_342#vocalink.com,NFT_New_Biller_342#vocalink.com
NFT_New_Payer_341#vocalink.com,NFT_New_Biller_341#vocalink.com
NFT_New_Payer_340#vocalink.com,NFT_New_Biller_340#vocalink.com
NFT_New_Payer_339#vocalink.com,NFT_New_Biller_339#vocalink.com
NFT_New_Payer_338#vocalink.com,NFT_New_Biller_338#vocalink.com
NFT_New_Payer_337#vocalink.com,NFT_New_Biller_337#vocalink.com
NFT_New_Payer_336#vocalink.com,NFT_New_Biller_336#vocalink.com
NFT_New_Payer_335#vocalink.com,NFT_New_Biller_335#vocalink.com
NFT_New_Payer_334#vocalink.com,NFT_New_Biller_334#vocalink.com
NFT_New_Payer_333#vocalink.com,NFT_New_Biller_333#vocalink.com
NFT_New_Payer_332#vocalink.com,NFT_New_Biller_332#vocalink.com
NFT_New_Payer_331#vocalink.com,NFT_New_Biller_331#vocalink.com
NFT_New_Payer_330#vocalink.com,NFT_New_Biller_330#vocalink.com
NFT_New_Payer_329#vocalink.com,NFT_New_Biller_329#vocalink.com
NFT_New_Payer_328#vocalink.com,NFT_New_Biller_328#vocalink.com
NFT_New_Payer_327#vocalink.com,NFT_New_Biller_327#vocalink.com
NFT_New_Payer_326#vocalink.com,NFT_New_Biller_326#vocalink.com
NFT_New_Payer_325#vocalink.com,NFT_New_Biller_325#vocalink.com
NFT_New_Payer_324#vocalink.com,NFT_New_Biller_324#vocalink.com
NFT_New_Payer_323#vocalink.com,NFT_New_Biller_323#vocalink.com
NFT_New_Payer_322#vocalink.com,NFT_New_Biller_322#vocalink.com
NFT_New_Payer_321#vocalink.com,NFT_New_Biller_321#vocalink.com
NFT_New_Payer_320#vocalink.com,NFT_New_Biller_320#vocalink.com
NFT_New_Payer_319#vocalink.com,NFT_New_Biller_319#vocalink.com
NFT_New_Payer_318#vocalink.com,NFT_New_Biller_318#vocalink.com
NFT_New_Payer_317#vocalink.com,NFT_New_Biller_317#vocalink.com
NFT_New_Payer_316#vocalink.com,NFT_New_Biller_316#vocalink.com
NFT_New_Payer_315#vocalink.com,NFT_New_Biller_315#vocalink.com
NFT_New_Payer_314#vocalink.com,NFT_New_Biller_314#vocalink.com
NFT_New_Payer_313#vocalink.com,NFT_New_Biller_313#vocalink.com
NFT_New_Payer_312#vocalink.com,NFT_New_Biller_312#vocalink.com
NFT_New_Payer_311#vocalink.com,NFT_New_Biller_311#vocalink.com
NFT_New_Payer_310#vocalink.com,NFT_New_Biller_310#vocalink.com
NFT_New_Payer_309#vocalink.com,NFT_New_Biller_309#vocalink.com
NFT_New_Payer_308#vocalink.com,NFT_New_Biller_308#vocalink.com
NFT_New_Payer_307#vocalink.com,NFT_New_Biller_307#vocalink.com
NFT_New_Payer_306#vocalink.com,NFT_New_Biller_306#vocalink.com
NFT_New_Payer_305#vocalink.com,NFT_New_Biller_305#vocalink.com
NFT_New_Payer_304#vocalink.com,NFT_New_Biller_304#vocalink.com
NFT_New_Payer_303#vocalink.com,NFT_New_Biller_303#vocalink.com
NFT_New_Payer_302#vocalink.com,NFT_New_Biller_302#vocalink.com
NFT_New_Payer_301#vocalink.com,NFT_New_Biller_301#vocalink.com