NFT_New_Payer_200#vocalink.com,NFT_New_Biller_200#vocalink.com
NFT_New_Payer_199#vocalink.com,NFT_New_Biller_199#vocalink.com
NFT_New_Payer_198#vocalink.com,NFT_New_Biller_198#vocalink.com
NFT_New_Payer_197#vocalink.com,NFT_New_Biller_197#vocalink.com
NFT_New_Payer_196#vocalink.com,NFT_New_Biller_196#vocalink.com
NFT_New_Payer_195#vocalink.com,NFT_New_Biller_195#vocalink.com
NFT_New_Payer_194#vocalink.com,NFT_New_Biller_194#vocalink.com
NFT_New_Payer_193#vocalink.com,NFT_New_Biller_193#vocalink.com
NFT_New_Payer_192#vocalink.com,NFT_New_Biller_192#vocalink.com
NFT_New_Payer_191#vocalink.com,NFT_New_Biller_191#vocalink.com
NFT_New_Payer_190#vocalink.com,NFT_New_Biller_190#vocalink.com
NFT_New_Payer_189#vocalink.com,NFT_New_Biller_189#vocalink.com
NFT_New_Payer_188#vocalink.com,NFT_New_Biller_188#vocalink.com
NFT_New_Payer_187#vocalink.com,NFT_New_Biller_187#vocalink.com
NFT_New_Payer_186#vocalink.com,NFT_New_Biller_186#vocalink.com
NFT_New_Payer_185#vocalink.com,NFT_New_Biller_185#vocalink.com
NFT_New_Payer_184#vocalink.com,NFT_New_Biller_184#vocalink.com
NFT_New_Payer_183#vocalink.com,NFT_New_Biller_183#vocalink.com
NFT_New_Payer_182#vocalink.com,NFT_New_Biller_182#vocalink.com
NFT_New_Payer_181#vocalink.com,NFT_New_Biller_181#vocalink.com
NFT_New_Payer_180#vocalink.com,NFT_New_Biller_180#vocalink.com
NFT_New_Payer_179#vocalink.com,NFT_New_Biller_179#vocalink.com
NFT_New_Payer_178#vocalink.com,NFT_New_Biller_178#vocalink.com
NFT_New_Payer_177#vocalink.com,NFT_New_Biller_177#vocalink.com
NFT_New_Payer_176#vocalink.com,NFT_New_Biller_176#vocalink.com
NFT_New_Payer_175#vocalink.com,NFT_New_Biller_175#vocalink.com
NFT_New_Payer_174#vocalink.com,NFT_New_Biller_174#vocalink.com
NFT_New_Payer_173#vocalink.com,NFT_New_Biller_173#vocalink.com
NFT_New_Payer_172#vocalink.com,NFT_New_Biller_172#vocalink.com
NFT_New_Payer_171#vocalink.com,NFT_New_Biller_171#vocalink.com
NFT_New_Payer_170#vocalink.com,NFT_New_Biller_170#vocalink.com
NFT_New_Payer_169#vocalink.com,NFT_New_Biller_169#vocalink.com
NFT_New_Payer_168#vocalink.com,NFT_New_Biller_168#vocalink.com
NFT_New_Payer_167#vocalink.com,NFT_New_Biller_167#vocalink.com
NFT_New_Payer_166#vocalink.com,NFT_New_Biller_166#vocalink.com
NFT_New_Payer_165#vocalink.com,NFT_New_Biller_165#vocalink.com
NFT_New_Payer_164#vocalink.com,NFT_New_Biller_164#vocalink.com
NFT_New_Payer_163#vocalink.com,NFT_New_Biller_163#vocalink.com
NFT_New_Payer_162#vocalink.com,NFT_New_Biller_162#vocalink.com
NFT_New_Payer_161#vocalink.com,NFT_New_Biller_161#vocalink.com
NFT_New_Payer_160#vocalink.com,NFT_New_Biller_160#vocalink.com
NFT_New_Payer_159#vocalink.com,NFT_New_Biller_159#vocalink.com
NFT_New_Payer_158#vocalink.com,NFT_New_Biller_158#vocalink.com
NFT_New_Payer_157#vocalink.com,NFT_New_Biller_157#vocalink.com
NFT_New_Payer_156#vocalink.com,NFT_New_Biller_156#vocalink.com
NFT_New_Payer_155#vocalink.com,NFT_New_Biller_155#vocalink.com
NFT_New_Payer_154#vocalink.com,NFT_New_Biller_154#vocalink.com
NFT_New_Payer_153#vocalink.com,NFT_New_Biller_153#vocalink.com
NFT_New_Payer_152#vocalink.com,NFT_New_Biller_152#vocalink.com
NFT_New_Payer_151#vocalink.com,NFT_New_Biller_151#vocalink.com