NFT_New_Payer_100#vocalink.com,NFT_New_Biller_100#vocalink.com
NFT_New_Payer_99#vocalink.com,NFT_New_Biller_99#vocalink.com
NFT_New_Payer_98#vocalink.com,NFT_New_Biller_98#vocalink.com
NFT_New_Payer_97#vocalink.com,NFT_New_Biller_97#vocalink.com
NFT_New_Payer_96#vocalink.com,NFT_New_Biller_96#vocalink.com
NFT_New_Payer_95#vocalink.com,NFT_New_Biller_95#vocalink.com
NFT_New_Payer_94#vocalink.com,NFT_New_Biller_94#vocalink.com
NFT_New_Payer_93#vocalink.com,NFT_New_Biller_93#vocalink.com
NFT_New_Payer_92#vocalink.com,NFT_New_Biller_92#vocalink.com
NFT_New_Payer_91#vocalink.com,NFT_New_Biller_91#vocalink.com
NFT_New_Payer_90#vocalink.com,NFT_New_Biller_90#vocalink.com
NFT_New_Payer_89#vocalink.com,NFT_New_Biller_89#vocalink.com
NFT_New_Payer_88#vocalink.com,NFT_New_Biller_88#vocalink.com
NFT_New_Payer_87#vocalink.com,NFT_New_Biller_87#vocalink.com
NFT_New_Payer_86#vocalink.com,NFT_New_Biller_86#vocalink.com
NFT_New_Payer_85#vocalink.com,NFT_New_Biller_85#vocalink.com
NFT_New_Payer_84#vocalink.com,NFT_New_Biller_84#vocalink.com
NFT_New_Payer_83#vocalink.com,NFT_New_Biller_83#vocalink.com
NFT_New_Payer_82#vocalink.com,NFT_New_Biller_82#vocalink.com
NFT_New_Payer_81#vocalink.com,NFT_New_Biller_81#vocalink.com
NFT_New_Payer_80#vocalink.com,NFT_New_Biller_80#vocalink.com
NFT_New_Payer_79#vocalink.com,NFT_New_Biller_79#vocalink.com
NFT_New_Payer_78#vocalink.com,NFT_New_Biller_78#vocalink.com
NFT_New_Payer_77#vocalink.com,NFT_New_Biller_77#vocalink.com
NFT_New_Payer_76#vocalink.com,NFT_New_Biller_76#vocalink.com
NFT_New_Payer_75#vocalink.com,NFT_New_Biller_75#vocalink.com
NFT_New_Payer_74#vocalink.com,NFT_New_Biller_74#vocalink.com
NFT_New_Payer_73#vocalink.com,NFT_New_Biller_73#vocalink.com
NFT_New_Payer_72#vocalink.com,NFT_New_Biller_72#vocalink.com
NFT_New_Payer_71#vocalink.com,NFT_New_Biller_71#vocalink.com
NFT_New_Payer_70#vocalink.com,NFT_New_Biller_70#vocalink.com
NFT_New_Payer_69#vocalink.com,NFT_New_Biller_69#vocalink.com
NFT_New_Payer_68#vocalink.com,NFT_New_Biller_68#vocalink.com
NFT_New_Payer_67#vocalink.com,NFT_New_Biller_67#vocalink.com
NFT_New_Payer_66#vocalink.com,NFT_New_Biller_66#vocalink.com
NFT_New_Payer_65#vocalink.com,NFT_New_Biller_65#vocalink.com
NFT_New_Payer_64#vocalink.com,NFT_New_Biller_64#vocalink.com
NFT_New_Payer_63#vocalink.com,NFT_New_Biller_63#vocalink.com
NFT_New_Payer_62#vocalink.com,NFT_New_Biller_62#vocalink.com
NFT_New_Payer_61#vocalink.com,NFT_New_Biller_61#vocalink.com
NFT_New_Payer_60#vocalink.com,NFT_New_Biller_60#vocalink.com
NFT_New_Payer_59#vocalink.com,NFT_New_Biller_59#vocalink.com
NFT_New_Payer_58#vocalink.com,NFT_New_Biller_58#vocalink.com
NFT_New_Payer_57#vocalink.com,NFT_New_Biller_57#vocalink.com
NFT_New_Payer_56#vocalink.com,NFT_New_Biller_56#vocalink.com
NFT_New_Payer_55#vocalink.com,NFT_New_Biller_55#vocalink.com
NFT_New_Payer_54#vocalink.com,NFT_New_Biller_54#vocalink.com
NFT_New_Payer_53#vocalink.com,NFT_New_Biller_53#vocalink.com
NFT_New_Payer_52#vocalink.com,NFT_New_Biller_52#vocalink.com
NFT_New_Payer_51#vocalink.com,NFT_New_Biller_51#vocalink.com