NFT_New_Payer_435#vocalink.com,NFT_New_Biller_435#vocalink.com
NFT_New_Payer_434#vocalink.com,NFT_New_Biller_434#vocalink.com
NFT_New_Payer_433#vocalink.com,NFT_New_Biller_433#vocalink.com
NFT_New_Payer_432#vocalink.com,NFT_New_Biller_432#vocalink.com
NFT_New_Payer_431#vocalink.com,NFT_New_Biller_431#vocalink.com
NFT_New_Payer_430#vocalink.com,NFT_New_Biller_430#vocalink.com
NFT_New_Payer_429#vocalink.com,NFT_New_Biller_429#vocalink.com
NFT_New_Payer_428#vocalink.com,NFT_New_Biller_428#vocalink.com
NFT_New_Payer_427#vocalink.com,NFT_New_Biller_427#vocalink.com
NFT_New_Payer_426#vocalink.com,NFT_New_Biller_426#vocalink.com
NFT_New_Payer_425#vocalink.com,NFT_New_Biller_425#vocalink.com
NFT_New_Payer_424#vocalink.com,NFT_New_Biller_424#vocalink.com
NFT_New_Payer_423#vocalink.com,NFT_New_Biller_423#vocalink.com
NFT_New_Payer_422#vocalink.com,NFT_New_Biller_422#vocalink.com
NFT_New_Payer_421#vocalink.com,NFT_New_Biller_421#vocalink.com
NFT_New_Payer_420#vocalink.com,NFT_New_Biller_420#vocalink.com
NFT_New_Payer_419#vocalink.com,NFT_New_Biller_419#vocalink.com
NFT_New_Payer_418#vocalink.com,NFT_New_Biller_418#vocalink.com
NFT_New_Payer_417#vocalink.com,NFT_New_Biller_417#vocalink.com
NFT_New_Payer_416#vocalink.com,NFT_New_Biller_416#vocalink.com
NFT_New_Payer_415#vocalink.com,NFT_New_Biller_415#vocalink.com
NFT_New_Payer_414#vocalink.com,NFT_New_Biller_414#vocalink.com
NFT_New_Payer_413#vocalink.com,NFT_New_Biller_413#vocalink.com
NFT_New_Payer_412#vocalink.com,NFT_New_Biller_412#vocalink.com
NFT_New_Payer_411#vocalink.com,NFT_New_Biller_411#vocalink.com
NFT_New_Payer_410#vocalink.com,NFT_New_Biller_410#vocalink.com
NFT_New_Payer_409#vocalink.com,NFT_New_Biller_409#vocalink.com
NFT_New_Payer_408#vocalink.com,NFT_New_Biller_408#vocalink.com
NFT_New_Payer_407#vocalink.com,NFT_New_Biller_407#vocalink.com
NFT_New_Payer_406#vocalink.com,NFT_New_Biller_406#vocalink.com
NFT_New_Payer_405#vocalink.com,NFT_New_Biller_405#vocalink.com
NFT_New_Payer_404#vocalink.com,NFT_New_Biller_404#vocalink.com
NFT_New_Payer_403#vocalink.com,NFT_New_Biller_403#vocalink.com
NFT_New_Payer_402#vocalink.com,NFT_New_Biller_402#vocalink.com
NFT_New_Payer_401#vocalink.com,NFT_New_Biller_401#vocalink.com