NFT_New_Payer_150#vocalink.com,NFT_New_Biller_150#vocalink.com
NFT_New_Payer_149#vocalink.com,NFT_New_Biller_149#vocalink.com
NFT_New_Payer_148#vocalink.com,NFT_New_Biller_148#vocalink.com
NFT_New_Payer_147#vocalink.com,NFT_New_Biller_147#vocalink.com
NFT_New_Payer_146#vocalink.com,NFT_New_Biller_146#vocalink.com
NFT_New_Payer_145#vocalink.com,NFT_New_Biller_145#vocalink.com
NFT_New_Payer_144#vocalink.com,NFT_New_Biller_144#vocalink.com
NFT_New_Payer_143#vocalink.com,NFT_New_Biller_143#vocalink.com
NFT_New_Payer_142#vocalink.com,NFT_New_Biller_142#vocalink.com
NFT_New_Payer_141#vocalink.com,NFT_New_Biller_141#vocalink.com
NFT_New_Payer_140#vocalink.com,NFT_New_Biller_140#vocalink.com
NFT_New_Payer_139#vocalink.com,NFT_New_Biller_139#vocalink.com
NFT_New_Payer_138#vocalink.com,NFT_New_Biller_138#vocalink.com
NFT_New_Payer_137#vocalink.com,NFT_New_Biller_137#vocalink.com
NFT_New_Payer_136#vocalink.com,NFT_New_Biller_136#vocalink.com
NFT_New_Payer_135#vocalink.com,NFT_New_Biller_135#vocalink.com
NFT_New_Payer_134#vocalink.com,NFT_New_Biller_134#vocalink.com
NFT_New_Payer_133#vocalink.com,NFT_New_Biller_133#vocalink.com
NFT_New_Payer_132#vocalink.com,NFT_New_Biller_132#vocalink.com
NFT_New_Payer_131#vocalink.com,NFT_New_Biller_131#vocalink.com
NFT_New_Payer_130#vocalink.com,NFT_New_Biller_130#vocalink.com
NFT_New_Payer_129#vocalink.com,NFT_New_Biller_129#vocalink.com
NFT_New_Payer_128#vocalink.com,NFT_New_Biller_128#vocalink.com
NFT_New_Payer_127#vocalink.com,NFT_New_Biller_127#vocalink.com
NFT_New_Payer_126#vocalink.com,NFT_New_Biller_126#vocalink.com
NFT_New_Payer_125#vocalink.com,NFT_New_Biller_125#vocalink.com
NFT_New_Payer_124#vocalink.com,NFT_New_Biller_124#vocalink.com
NFT_New_Payer_123#vocalink.com,NFT_New_Biller_123#vocalink.com
NFT_New_Payer_122#vocalink.com,NFT_New_Biller_122#vocalink.com
NFT_New_Payer_121#vocalink.com,NFT_New_Biller_121#vocalink.com
NFT_New_Payer_120#vocalink.com,NFT_New_Biller_120#vocalink.com
NFT_New_Payer_119#vocalink.com,NFT_New_Biller_119#vocalink.com
NFT_New_Payer_118#vocalink.com,NFT_New_Biller_118#vocalink.com
NFT_New_Payer_117#vocalink.com,NFT_New_Biller_117#vocalink.com
NFT_New_Payer_116#vocalink.com,NFT_New_Biller_116#vocalink.com
NFT_New_Payer_115#vocalink.com,NFT_New_Biller_115#vocalink.com
NFT_New_Payer_114#vocalink.com,NFT_New_Biller_114#vocalink.com
NFT_New_Payer_113#vocalink.com,NFT_New_Biller_113#vocalink.com
NFT_New_Payer_112#vocalink.com,NFT_New_Biller_112#vocalink.com
NFT_New_Payer_111#vocalink.com,NFT_New_Biller_111#vocalink.com
NFT_New_Payer_110#vocalink.com,NFT_New_Biller_110#vocalink.com
NFT_New_Payer_109#vocalink.com,NFT_New_Biller_109#vocalink.com
NFT_New_Payer_108#vocalink.com,NFT_New_Biller_108#vocalink.com
NFT_New_Payer_107#vocalink.com,NFT_New_Biller_107#vocalink.com
NFT_New_Payer_106#vocalink.com,NFT_New_Biller_106#vocalink.com
NFT_New_Payer_105#vocalink.com,NFT_New_Biller_105#vocalink.com
NFT_New_Payer_104#vocalink.com,NFT_New_Biller_104#vocalink.com
NFT_New_Payer_103#vocalink.com,NFT_New_Biller_103#vocalink.com
NFT_New_Payer_102#vocalink.com,NFT_New_Biller_102#vocalink.com
NFT_New_Payer_101#vocalink.com,NFT_New_Biller_101#vocalink.com