NFT_New_Payer_300#vocalink.com,NFT_New_Biller_300#vocalink.com
NFT_New_Payer_299#vocalink.com,NFT_New_Biller_299#vocalink.com
NFT_New_Payer_298#vocalink.com,NFT_New_Biller_298#vocalink.com
NFT_New_Payer_297#vocalink.com,NFT_New_Biller_297#vocalink.com
NFT_New_Payer_296#vocalink.com,NFT_New_Biller_296#vocalink.com
NFT_New_Payer_295#vocalink.com,NFT_New_Biller_295#vocalink.com
NFT_New_Payer_294#vocalink.com,NFT_New_Biller_294#vocalink.com
NFT_New_Payer_293#vocalink.com,NFT_New_Biller_293#vocalink.com
NFT_New_Payer_292#vocalink.com,NFT_New_Biller_292#vocalink.com
NFT_New_Payer_291#vocalink.com,NFT_New_Biller_291#vocalink.com
NFT_New_Payer_290#vocalink.com,NFT_New_Biller_290#vocalink.com
NFT_New_Payer_289#vocalink.com,NFT_New_Biller_289#vocalink.com
NFT_New_Payer_288#vocalink.com,NFT_New_Biller_288#vocalink.com
NFT_New_Payer_287#vocalink.com,NFT_New_Biller_287#vocalink.com
NFT_New_Payer_286#vocalink.com,NFT_New_Biller_286#vocalink.com
NFT_New_Payer_285#vocalink.com,NFT_New_Biller_285#vocalink.com
NFT_New_Payer_284#vocalink.com,NFT_New_Biller_284#vocalink.com
NFT_New_Payer_283#vocalink.com,NFT_New_Biller_283#vocalink.com
NFT_New_Payer_282#vocalink.com,NFT_New_Biller_282#vocalink.com
NFT_New_Payer_281#vocalink.com,NFT_New_Biller_281#vocalink.com
NFT_New_Payer_280#vocalink.com,NFT_New_Biller_280#vocalink.com
NFT_New_Payer_279#vocalink.com,NFT_New_Biller_279#vocalink.com
NFT_New_Payer_278#vocalink.com,NFT_New_Biller_278#vocalink.com
NFT_New_Payer_277#vocalink.com,NFT_New_Biller_277#vocalink.com
NFT_New_Payer_276#vocalink.com,NFT_New_Biller_276#vocalink.com
NFT_New_Payer_275#vocalink.com,NFT_New_Biller_275#vocalink.com
NFT_New_Payer_274#vocalink.com,NFT_New_Biller_274#vocalink.com
NFT_New_Payer_273#vocalink.com,NFT_New_Biller_273#vocalink.com
NFT_New_Payer_272#vocalink.com,NFT_New_Biller_272#vocalink.com
NFT_New_Payer_271#vocalink.com,NFT_New_Biller_271#vocalink.com
NFT_New_Payer_270#vocalink.com,NFT_New_Biller_270#vocalink.com
NFT_New_Payer_269#vocalink.com,NFT_New_Biller_269#vocalink.com
NFT_New_Payer_268#vocalink.com,NFT_New_Biller_268#vocalink.com
NFT_New_Payer_267#vocalink.com,NFT_New_Biller_267#vocalink.com
NFT_New_Payer_266#vocalink.com,NFT_New_Biller_266#vocalink.com
NFT_New_Payer_265#vocalink.com,NFT_New_Biller_265#vocalink.com
NFT_New_Payer_264#vocalink.com,NFT_New_Biller_264#vocalink.com
NFT_New_Payer_263#vocalink.com,NFT_New_Biller_263#vocalink.com
NFT_New_Payer_262#vocalink.com,NFT_New_Biller_262#vocalink.com
NFT_New_Payer_261#vocalink.com,NFT_New_Biller_261#vocalink.com
NFT_New_Payer_260#vocalink.com,NFT_New_Biller_260#vocalink.com
NFT_New_Payer_259#vocalink.com,NFT_New_Biller_259#vocalink.com
NFT_New_Payer_258#vocalink.com,NFT_New_Biller_258#vocalink.com
NFT_New_Payer_257#vocalink.com,NFT_New_Biller_257#vocalink.com
NFT_New_Payer_256#vocalink.com,NFT_New_Biller_256#vocalink.com
NFT_New_Payer_255#vocalink.com,NFT_New_Biller_255#vocalink.com
NFT_New_Payer_254#vocalink.com,NFT_New_Biller_254#vocalink.com
NFT_New_Payer_253#vocalink.com,NFT_New_Biller_253#vocalink.com
NFT_New_Payer_252#vocalink.com,NFT_New_Biller_252#vocalink.com
NFT_New_Payer_251#vocalink.com,NFT_New_Biller_251#vocalink.com