NFT_New_Payer_250#vocalink.com,NFT_New_Biller_250#vocalink.com
NFT_New_Payer_249#vocalink.com,NFT_New_Biller_249#vocalink.com
NFT_New_Payer_248#vocalink.com,NFT_New_Biller_248#vocalink.com
NFT_New_Payer_247#vocalink.com,NFT_New_Biller_247#vocalink.com
NFT_New_Payer_246#vocalink.com,NFT_New_Biller_246#vocalink.com
NFT_New_Payer_245#vocalink.com,NFT_New_Biller_245#vocalink.com
NFT_New_Payer_244#vocalink.com,NFT_New_Biller_244#vocalink.com
NFT_New_Payer_243#vocalink.com,NFT_New_Biller_243#vocalink.com
NFT_New_Payer_242#vocalink.com,NFT_New_Biller_242#vocalink.com
NFT_New_Payer_241#vocalink.com,NFT_New_Biller_241#vocalink.com
NFT_New_Payer_240#vocalink.com,NFT_New_Biller_240#vocalink.com
NFT_New_Payer_239#vocalink.com,NFT_New_Biller_239#vocalink.com
NFT_New_Payer_238#vocalink.com,NFT_New_Biller_238#vocalink.com
NFT_New_Payer_237#vocalink.com,NFT_New_Biller_237#vocalink.com
NFT_New_Payer_236#vocalink.com,NFT_New_Biller_236#vocalink.com
NFT_New_Payer_235#vocalink.com,NFT_New_Biller_235#vocalink.com
NFT_New_Payer_234#vocalink.com,NFT_New_Biller_234#vocalink.com
NFT_New_Payer_233#vocalink.com,NFT_New_Biller_233#vocalink.com
NFT_New_Payer_232#vocalink.com,NFT_New_Biller_232#vocalink.com
NFT_New_Payer_231#vocalink.com,NFT_New_Biller_231#vocalink.com
NFT_New_Payer_230#vocalink.com,NFT_New_Biller_230#vocalink.com
NFT_New_Payer_229#vocalink.com,NFT_New_Biller_229#vocalink.com
NFT_New_Payer_228#vocalink.com,NFT_New_Biller_228#vocalink.com
NFT_New_Payer_227#vocalink.com,NFT_New_Biller_227#vocalink.com
NFT_New_Payer_226#vocalink.com,NFT_New_Biller_226#vocalink.com
NFT_New_Payer_225#vocalink.com,NFT_New_Biller_225#vocalink.com
NFT_New_Payer_224#vocalink.com,NFT_New_Biller_224#vocalink.com
NFT_New_Payer_223#vocalink.com,NFT_New_Biller_223#vocalink.com
NFT_New_Payer_222#vocalink.com,NFT_New_Biller_222#vocalink.com
NFT_New_Payer_221#vocalink.com,NFT_New_Biller_221#vocalink.com
NFT_New_Payer_220#vocalink.com,NFT_New_Biller_220#vocalink.com
NFT_New_Payer_219#vocalink.com,NFT_New_Biller_219#vocalink.com
NFT_New_Payer_218#vocalink.com,NFT_New_Biller_218#vocalink.com
NFT_New_Payer_217#vocalink.com,NFT_New_Biller_217#vocalink.com
NFT_New_Payer_216#vocalink.com,NFT_New_Biller_216#vocalink.com
NFT_New_Payer_215#vocalink.com,NFT_New_Biller_215#vocalink.com
NFT_New_Payer_214#vocalink.com,NFT_New_Biller_214#vocalink.com
NFT_New_Payer_213#vocalink.com,NFT_New_Biller_213#vocalink.com
NFT_New_Payer_212#vocalink.com,NFT_New_Biller_212#vocalink.com
NFT_New_Payer_211#vocalink.com,NFT_New_Biller_211#vocalink.com
NFT_New_Payer_210#vocalink.com,NFT_New_Biller_210#vocalink.com
NFT_New_Payer_209#vocalink.com,NFT_New_Biller_209#vocalink.com
NFT_New_Payer_208#vocalink.com,NFT_New_Biller_208#vocalink.com
NFT_New_Payer_207#vocalink.com,NFT_New_Biller_207#vocalink.com
NFT_New_Payer_206#vocalink.com,NFT_New_Biller_206#vocalink.com
NFT_New_Payer_205#vocalink.com,NFT_New_Biller_205#vocalink.com
NFT_New_Payer_204#vocalink.com,NFT_New_Biller_204#vocalink.com
NFT_New_Payer_203#vocalink.com,NFT_New_Biller_203#vocalink.com
NFT_New_Payer_202#vocalink.com,NFT_New_Biller_202#vocalink.com
NFT_New_Payer_201#vocalink.com,NFT_New_Biller_201#vocalink.com