NFT_New_Payer_400#vocalink.com,NFT_New_Biller_400#vocalink.com
NFT_New_Payer_399#vocalink.com,NFT_New_Biller_399#vocalink.com
NFT_New_Payer_398#vocalink.com,NFT_New_Biller_398#vocalink.com
NFT_New_Payer_397#vocalink.com,NFT_New_Biller_397#vocalink.com
NFT_New_Payer_396#vocalink.com,NFT_New_Biller_396#vocalink.com
NFT_New_Payer_395#vocalink.com,NFT_New_Biller_395#vocalink.com
NFT_New_Payer_394#vocalink.com,NFT_New_Biller_394#vocalink.com
NFT_New_Payer_393#vocalink.com,NFT_New_Biller_393#vocalink.com
NFT_New_Payer_392#vocalink.com,NFT_New_Biller_392#vocalink.com
NFT_New_Payer_391#vocalink.com,NFT_New_Biller_391#vocalink.com
NFT_New_Payer_390#vocalink.com,NFT_New_Biller_390#vocalink.com
NFT_New_Payer_389#vocalink.com,NFT_New_Biller_389#vocalink.com
NFT_New_Payer_388#vocalink.com,NFT_New_Biller_388#vocalink.com
NFT_New_Payer_387#vocalink.com,NFT_New_Biller_387#vocalink.com
NFT_New_Payer_386#vocalink.com,NFT_New_Biller_386#vocalink.com
NFT_New_Payer_385#vocalink.com,NFT_New_Biller_385#vocalink.com
NFT_New_Payer_384#vocalink.com,NFT_New_Biller_384#vocalink.com
NFT_New_Payer_383#vocalink.com,NFT_New_Biller_383#vocalink.com
NFT_New_Payer_382#vocalink.com,NFT_New_Biller_382#vocalink.com
NFT_New_Payer_381#vocalink.com,NFT_New_Biller_381#vocalink.com
NFT_New_Payer_380#vocalink.com,NFT_New_Biller_380#vocalink.com
NFT_New_Payer_379#vocalink.com,NFT_New_Biller_379#vocalink.com
NFT_New_Payer_378#vocalink.com,NFT_New_Biller_378#vocalink.com
NFT_New_Payer_377#vocalink.com,NFT_New_Biller_377#vocalink.com
NFT_New_Payer_376#vocalink.com,NFT_New_Biller_376#vocalink.com
NFT_New_Payer_375#vocalink.com,NFT_New_Biller_375#vocalink.com
NFT_New_Payer_374#vocalink.com,NFT_New_Biller_374#vocalink.com
NFT_New_Payer_373#vocalink.com,NFT_New_Biller_373#vocalink.com
NFT_New_Payer_372#vocalink.com,NFT_New_Biller_372#vocalink.com
NFT_New_Payer_371#vocalink.com,NFT_New_Biller_371#vocalink.com
NFT_New_Payer_370#vocalink.com,NFT_New_Biller_370#vocalink.com
NFT_New_Payer_369#vocalink.com,NFT_New_Biller_369#vocalink.com
NFT_New_Payer_368#vocalink.com,NFT_New_Biller_368#vocalink.com
NFT_New_Payer_367#vocalink.com,NFT_New_Biller_367#vocalink.com
NFT_New_Payer_366#vocalink.com,NFT_New_Biller_366#vocalink.com
NFT_New_Payer_365#vocalink.com,NFT_New_Biller_365#vocalink.com
NFT_New_Payer_364#vocalink.com,NFT_New_Biller_364#vocalink.com
NFT_New_Payer_363#vocalink.com,NFT_New_Biller_363#vocalink.com
NFT_New_Payer_362#vocalink.com,NFT_New_Biller_362#vocalink.com
NFT_New_Payer_361#vocalink.com,NFT_New_Biller_361#vocalink.com
NFT_New_Payer_360#vocalink.com,NFT_New_Biller_360#vocalink.com
NFT_New_Payer_359#vocalink.com,NFT_New_Biller_359#vocalink.com
NFT_New_Payer_358#vocalink.com,NFT_New_Biller_358#vocalink.com
NFT_New_Payer_357#vocalink.com,NFT_New_Biller_357#vocalink.com
NFT_New_Payer_356#vocalink.com,NFT_New_Biller_356#vocalink.com
NFT_New_Payer_355#vocalink.com,NFT_New_Biller_355#vocalink.com
NFT_New_Payer_354#vocalink.com,NFT_New_Biller_354#vocalink.com
NFT_New_Payer_353#vocalink.com,NFT_New_Biller_353#vocalink.com
NFT_New_Payer_352#vocalink.com,NFT_New_Biller_352#vocalink.com
NFT_New_Payer_351#vocalink.com,NFT_New_Biller_351#vocalink.com