NFT_New_Payer_50#vocalink.com,NFT_New_Biller_50#vocalink.com
NFT_New_Payer_49#vocalink.com,NFT_New_Biller_49#vocalink.com
NFT_New_Payer_48#vocalink.com,NFT_New_Biller_48#vocalink.com
NFT_New_Payer_47#vocalink.com,NFT_New_Biller_47#vocalink.com
NFT_New_Payer_46#vocalink.com,NFT_New_Biller_46#vocalink.com
NFT_New_Payer_45#vocalink.com,NFT_New_Biller_45#vocalink.com
NFT_New_Payer_44#vocalink.com,NFT_New_Biller_44#vocalink.com
NFT_New_Payer_43#vocalink.com,NFT_New_Biller_43#vocalink.com
NFT_New_Payer_42#vocalink.com,NFT_New_Biller_42#vocalink.com
NFT_New_Payer_41#vocalink.com,NFT_New_Biller_41#vocalink.com
NFT_New_Payer_40#vocalink.com,NFT_New_Biller_40#vocalink.com
NFT_New_Payer_39#vocalink.com,NFT_New_Biller_39#vocalink.com
NFT_New_Payer_38#vocalink.com,NFT_New_Biller_38#vocalink.com
NFT_New_Payer_37#vocalink.com,NFT_New_Biller_37#vocalink.com
NFT_New_Payer_36#vocalink.com,NFT_New_Biller_36#vocalink.com
NFT_New_Payer_35#vocalink.com,NFT_New_Biller_35#vocalink.com
NFT_New_Payer_34#vocalink.com,NFT_New_Biller_34#vocalink.com
NFT_New_Payer_33#vocalink.com,NFT_New_Biller_33#vocalink.com
NFT_New_Payer_32#vocalink.com,NFT_New_Biller_32#vocalink.com
NFT_New_Payer_31#vocalink.com,NFT_New_Biller_31#vocalink.com
NFT_New_Payer_30#vocalink.com,NFT_New_Biller_30#vocalink.com
NFT_New_Payer_29#vocalink.com,NFT_New_Biller_29#vocalink.com
NFT_New_Payer_28#vocalink.com,NFT_New_Biller_28#vocalink.com
NFT_New_Payer_27#vocalink.com,NFT_New_Biller_27#vocalink.com
NFT_New_Payer_26#vocalink.com,NFT_New_Biller_26#vocalink.com
NFT_New_Payer_25#vocalink.com,NFT_New_Biller_25#vocalink.com
NFT_New_Payer_24#vocalink.com,NFT_New_Biller_24#vocalink.com
NFT_New_Payer_23#vocalink.com,NFT_New_Biller_23#vocalink.com
NFT_New_Payer_22#vocalink.com,NFT_New_Biller_22#vocalink.com
NFT_New_Payer_21#vocalink.com,NFT_New_Biller_21#vocalink.com
NFT_New_Payer_20#vocalink.com,NFT_New_Biller_20#vocalink.com
NFT_New_Payer_19#vocalink.com,NFT_New_Biller_19#vocalink.com
NFT_New_Payer_18#vocalink.com,NFT_New_Biller_18#vocalink.com
NFT_New_Payer_17#vocalink.com,NFT_New_Biller_17#vocalink.com
NFT_New_Payer_16#vocalink.com,NFT_New_Biller_16#vocalink.com
NFT_New_Payer_15#vocalink.com,NFT_New_Biller_15#vocalink.com
NFT_New_Payer_14#vocalink.com,NFT_New_Biller_14#vocalink.com
NFT_New_Payer_13#vocalink.com,NFT_New_Biller_13#vocalink.com
NFT_New_Payer_12#vocalink.com,NFT_New_Biller_12#vocalink.com
NFT_New_Payer_11#vocalink.com,NFT_New_Biller_11#vocalink.com
NFT_New_Payer_10#vocalink.com,NFT_New_Biller_10#vocalink.com
NFT_New_Payer_9#vocalink.com,NFT_New_Biller_9#vocalink.com
NFT_New_Payer_8#vocalink.com,NFT_New_Biller_8#vocalink.com
NFT_New_Payer_7#vocalink.com,NFT_New_Biller_7#vocalink.com
NFT_New_Payer_6#vocalink.com,NFT_New_Biller_6#vocalink.com
NFT_New_Payer_5#vocalink.com,NFT_New_Biller_5#vocalink.com
NFT_New_Payer_4#vocalink.com,NFT_New_Biller_4#vocalink.com
NFT_New_Payer_3#vocalink.com,NFT_New_Biller_3#vocalink.com
NFT_New_Payer_2#vocalink.com,NFT_New_Biller_2#vocalink.com
NFT_New_Payer_1#vocalink.com,NFT_New_Biller_1#vocalink.com