NFT_Payer_2d3050c9-7b20-4555-bf7e-7648c793c6e3#vocalink.com,NFT_Biller_161176b3-2ff5-407f-8376-4aa1cb309f5b#vocalink.com
NFT_Payer_0dba2a7d-22c9-4d84-850a-b5daa498361b#vocalink.com,NFT_Biller_977d0c91-be4c-460f-9bc1-64598a86f467#vocalink.com
NFT_Payer_246d0d99-14bf-4a14-b4a5-35349ba0ac06#vocalink.com,NFT_Biller_12146b03-6c67-408a-9a21-67869b968b04#vocalink.com
NFT_Payer_f25ae74c-3dd6-49b7-b095-fc6256967df5#vocalink.com,NFT_Biller_a6fb4f7c-93e3-459a-b0a6-052827479fdb#vocalink.com
NFT_Payer_b0cde1ac-0c78-4be0-9b13-d767ebc3bb23#vocalink.com,NFT_Biller_f42da74c-2012-402c-92d3-e53aa44ece59#vocalink.com
NFT_Payer_4560efb0-fa37-4f6c-bda2-d7e4704f3faf#vocalink.com,NFT_Biller_f67be4a5-461e-4954-8dd8-91a9b374d139#vocalink.com
NFT_Payer_7f16be72-0b58-493a-9ffc-86a8773950aa#vocalink.com,NFT_Biller_76304129-2ec8-4ebf-b9f8-373d5b607037#vocalink.com
NFT_Payer_2d4db68c-28f1-435c-8b4f-ee3054adb9df#vocalink.com,NFT_Biller_893c603b-7697-45f6-b2f9-8ebd83a73306#vocalink.com
NFT_Payer_97976dfb-98a6-49af-82d6-64c16c09c97f#vocalink.com,NFT_Biller_6c6f6793-e895-46b8-b762-36062a87b26d#vocalink.com
NFT_Payer_6aa41f11-aaf4-4352-a2e5-9a44524a9924#vocalink.com,NFT_Biller_21da0f47-aa08-4bcd-ba87-30f4c0d7b247#vocalink.com
NFT_Payer_77620201-9c5e-4c01-bac9-12b1102752f3#vocalink.com,NFT_Biller_3e8f312f-90ac-47dd-a295-2c753f70567b#vocalink.com
NFT_Payer_5f6cfd16-b812-47a4-a30d-1725bb90794f#vocalink.com,NFT_Biller_06b30860-5f34-4110-9ca2-a039765e78c1#vocalink.com
NFT_Payer_ebf196fd-e0c9-4103-93b6-c8821c9745e7#vocalink.com,NFT_Biller_363bd64d-f16e-4bb1-aa02-e345cf1a9bbb#vocalink.com
NFT_Payer_53c9895a-9e82-4a14-96a8-3402f36de0a1#vocalink.com,NFT_Biller_9f06c456-9a8b-4776-9313-f1aee9190f60#vocalink.com
NFT_Payer_c466004b-ea89-4508-afac-ae8d3ec4c8cb#vocalink.com,NFT_Biller_b14e555e-acfa-4d96-b6af-01bf1aa0a457#vocalink.com
NFT_Payer_71445a8e-0ca4-42ad-8f7f-8ecebbefdbeb#vocalink.com,NFT_Biller_c41e14b4-b05e-46f4-b9eb-7deac2b45c28#vocalink.com
NFT_Payer_60d7fca5-3077-45ae-aac5-4a768b172193#vocalink.com,NFT_Biller_c923112f-1acf-4f14-b70a-e9d4cb644fe1#vocalink.com