S01_NFT_Payer_18May2020.144454.328#vocalink.com,S01_NFT_Biller_18May2020.144454.190#vocalink.com
S01_NFT_Payer_18May2020.144453.419#vocalink.com,S01_NFT_Biller_18May2020.144453.287#vocalink.com
S01_NFT_Payer_18May2020.144452.502#vocalink.com,S01_NFT_Biller_18May2020.144452.341#vocalink.com
S01_NFT_Payer_18May2020.144451.523#vocalink.com,S01_NFT_Biller_18May2020.144451.386#vocalink.com
S01_NFT_Payer_18May2020.144450.621#vocalink.com,S01_NFT_Biller_18May2020.144450.492#vocalink.com
S01_NFT_Payer_18May2020.144449.660#vocalink.com,S01_NFT_Biller_18May2020.144449.470#vocalink.com
S01_NFT_Payer_18May2020.144448.711#vocalink.com,S01_NFT_Biller_18May2020.144448.576#vocalink.com
S01_NFT_Payer_18May2020.144447.669#vocalink.com,S01_NFT_Biller_18May2020.144447.532#vocalink.com
S01_NFT_Payer_18May2020.144446.726#vocalink.com,S01_NFT_Biller_18May2020.144446.594#vocalink.com
S01_NFT_Payer_18May2020.144445.751#vocalink.com,S01_NFT_Biller_18May2020.144445.387#vocalink.com