S02_NFT_Payer_18May2020.145209.812#vocalink.com,S02_NFT_Biller_18May2020.145209.673#vocalink.com
S02_NFT_Payer_18May2020.145208.877#vocalink.com,S02_NFT_Biller_18May2020.145208.747#vocalink.com
S02_NFT_Payer_18May2020.145207.974#vocalink.com,S02_NFT_Biller_18May2020.145207.817#vocalink.com
S02_NFT_Payer_18May2020.145206.987#vocalink.com,S02_NFT_Biller_18May2020.145206.825#vocalink.com
S02_NFT_Payer_18May2020.145206.89#vocalink.com,S02_NFT_Biller_18May2020.145205.957#vocalink.com
S02_NFT_Payer_18May2020.145205.171#vocalink.com,S02_NFT_Biller_18May2020.145205.17#vocalink.com
S02_NFT_Payer_18May2020.145204.97#vocalink.com,S02_NFT_Biller_18May2020.145203.955#vocalink.com
S02_NFT_Payer_18May2020.145203.110#vocalink.com,S02_NFT_Biller_18May2020.145202.920#vocalink.com
S02_NFT_Payer_18May2020.145202.27#vocalink.com,S02_NFT_Biller_18May2020.145201.897#vocalink.com
S02_NFT_Payer_18May2020.145201.105#vocalink.com,S02_NFT_Biller_18May2020.145200.804#vocalink.com