S3_NFT_Payer_18May2020.154335.262#vocalink.com,S03_NFT_Biller_18May2020.154335.133#vocalink.com
S3_NFT_Payer_18May2020.154334.310#vocalink.com,S03_NFT_Biller_18May2020.154334.181#vocalink.com
S3_NFT_Payer_18May2020.154333.313#vocalink.com,S03_NFT_Biller_18May2020.154333.176#vocalink.com
S3_NFT_Payer_18May2020.154332.358#vocalink.com,S03_NFT_Biller_18May2020.154332.225#vocalink.com
S3_NFT_Payer_18May2020.154331.271#vocalink.com,S03_NFT_Biller_18May2020.154331.136#vocalink.com
S3_NFT_Payer_18May2020.154330.244#vocalink.com,S03_NFT_Biller_18May2020.154330.99#vocalink.com
S3_NFT_Payer_18May2020.154329.298#vocalink.com,S03_NFT_Biller_18May2020.154329.168#vocalink.com
S3_NFT_Payer_18May2020.154328.343#vocalink.com,S03_NFT_Biller_18May2020.154328.209#vocalink.com
S3_NFT_Payer_18May2020.154327.353#vocalink.com,S03_NFT_Biller_18May2020.154327.215#vocalink.com
S3_NFT_Payer_18May2020.154326.314#vocalink.com,S03_NFT_Biller_18May2020.154326.92#vocalink.com