S04_NFT_Payer_18May2020.160214.784#vocalink.com,S04_NFT_Biller_18May2020.160214.654#vocalink.com
S04_NFT_Payer_18May2020.160213.791#vocalink.com,S04_NFT_Biller_18May2020.160213.646#vocalink.com
S04_NFT_Payer_18May2020.160212.811#vocalink.com,S04_NFT_Biller_18May2020.160212.681#vocalink.com
S04_NFT_Payer_18May2020.160211.924#vocalink.com,S04_NFT_Biller_18May2020.160211.767#vocalink.com
S04_NFT_Payer_18May2020.160210.885#vocalink.com,S04_NFT_Biller_18May2020.160210.752#vocalink.com
S04_NFT_Payer_18May2020.160209.954#vocalink.com,S04_NFT_Biller_18May2020.160209.809#vocalink.com
S04_NFT_Payer_18May2020.160208.957#vocalink.com,S04_NFT_Biller_18May2020.160208.809#vocalink.com
S04_NFT_Payer_18May2020.160207.983#vocalink.com,S04_NFT_Biller_18May2020.160207.852#vocalink.com
S04_NFT_Payer_18May2020.160207.16#vocalink.com,S04_NFT_Biller_18May2020.160206.884#vocalink.com
S04_NFT_Payer_18May2020.160206.27#vocalink.com,S04_NFT_Biller_18May2020.160205.650#vocalink.com