S05_NFT_Payer_18May2020.162501.603#vocalink.com,S05_NFT_Biller_18May2020.162501.468#vocalink.com
S05_NFT_Payer_18May2020.162500.445#vocalink.com,S05_NFT_Biller_18May2020.162500.313#vocalink.com
S05_NFT_Payer_18May2020.162459.481#vocalink.com,S05_NFT_Biller_18May2020.162459.348#vocalink.com
S05_NFT_Payer_18May2020.162458.433#vocalink.com,S05_NFT_Biller_18May2020.162458.302#vocalink.com
S05_NFT_Payer_18May2020.162457.465#vocalink.com,S05_NFT_Biller_18May2020.162457.334#vocalink.com
S05_NFT_Payer_18May2020.162456.505#vocalink.com,S05_NFT_Biller_18May2020.162456.317#vocalink.com
S05_NFT_Payer_18May2020.162455.485#vocalink.com,S05_NFT_Biller_18May2020.162455.351#vocalink.com
S05_NFT_Payer_18May2020.162454.557#vocalink.com,S05_NFT_Biller_18May2020.162454.421#vocalink.com
S05_NFT_Payer_18May2020.162453.611#vocalink.com,S05_NFT_Biller_18May2020.162453.486#vocalink.com
S05_NFT_Payer_18May2020.162452.547#vocalink.com,S05_NFT_Biller_18May2020.162452.251#vocalink.com