S06_Block_NFT_Payer_18May2020.163311.10#vocalink.com,S06_Block_NFT_Biller_18May2020.163310.866#vocalink.com
S06_Block_NFT_Payer_18May2020.163310.62#vocalink.com,S06_Block_NFT_Biller_18May2020.163309.927#vocalink.com
S06_Block_NFT_Payer_18May2020.163309.63#vocalink.com,S06_Block_NFT_Biller_18May2020.163308.915#vocalink.com
S06_Block_NFT_Payer_18May2020.163308.190#vocalink.com,S06_Block_NFT_Biller_18May2020.163308.62#vocalink.com
S06_Block_NFT_Payer_18May2020.163307.170#vocalink.com,S06_Block_NFT_Biller_18May2020.163307.38#vocalink.com
S06_Block_NFT_Payer_18May2020.163306.229#vocalink.com,S06_Block_NFT_Biller_18May2020.163306.100#vocalink.com
S06_Block_NFT_Payer_18May2020.163305.301#vocalink.com,S06_Block_NFT_Biller_18May2020.163305.132#vocalink.com
S06_Block_NFT_Payer_18May2020.163304.279#vocalink.com,S06_Block_NFT_Biller_18May2020.163304.142#vocalink.com
S06_Block_NFT_Payer_18May2020.163303.320#vocalink.com,S06_Block_NFT_Biller_18May2020.163303.150#vocalink.com
S06_Block_NFT_Payer_18May2020.163302.237#vocalink.com,S06_Block_NFT_Biller_18May2020.163301.106#vocalink.com
