S07_NFT_Payer_19May2020.153139.915#vocalink.com,S07_NFT_Biller_19May2020.153139.779#vocalink.com
S07_NFT_Payer_19May2020.153138.917#vocalink.com,S07_NFT_Biller_19May2020.153138.743#vocalink.com
S07_NFT_Payer_19May2020.153137.928#vocalink.com,S07_NFT_Biller_19May2020.153137.794#vocalink.com
S07_NFT_Payer_19May2020.153137.35#vocalink.com,S07_NFT_Biller_19May2020.153136.903#vocalink.com
S07_NFT_Payer_19May2020.153136.139#vocalink.com,S07_NFT_Biller_19May2020.153136.9#vocalink.com
S07_NFT_Payer_19May2020.153135.163#vocalink.com,S07_NFT_Biller_19May2020.153135.35#vocalink.com
S07_NFT_Payer_19May2020.153134.303#vocalink.com,S07_NFT_Biller_19May2020.153134.172#vocalink.com
S07_NFT_Payer_19May2020.153133.356#vocalink.com,S07_NFT_Biller_19May2020.153133.215#vocalink.com
S07_NFT_Payer_19May2020.153132.173#vocalink.com,S07_NFT_Biller_19May2020.153132.45#vocalink.com
S07_NFT_Payer_19May2020.153131.253#vocalink.com,S07_NFT_Biller_19May2020.153131.1#vocalink.com